nan,nan,nan,nan,nan,nan,nan,nan,nan,8.4053,11.1837,13.1961,13.9579,13.3929,11.6240,8.9027,5.7973,3.1246,1.3975,0.5504,0.2540,0.2408,0.3753,0.5928,0.8499,1.1272,1.4282,1.7390,1.9974,2.1053,1.9914,1.6854,1.3028,0.9519,0.6973,0.5743,0.5903,0.7141,0.8805,1.0136,1.0633,nan,nan,nan,nan,nan,nan,nan,nan,nan
nan,nan,nan,nan,nan,nan,nan,2.5220,4.2223,6.6547,9.4129,11.6758,12.7822,12.6171,11.3481,9.1373,6.3075,3.5785,1.6647,0.6989,0.3870,0.4292,0.6513,0.9443,1.2246,1.4681,1.7064,1.9505,2.1407,2.1706,1.9779,1.6231,1.2415,0.9392,0.7691,0.7443,0.8365,0.9809,1.1013,1.1441,1.1051,1.0218,nan,nan,nan,nan,nan,nan,nan,nan
nan,nan,nan,nan,nan,nan,1.3125,1.9816,3.2175,5.1728,7.6518,9.9097,11.1487,11.1985,10.3215,8.7025,6.4410,3.9501,1.9843,0.9596,0.7173,0.9455,1.4058,1.8948,2.2445,2.4128,2.4783,2.5102,2.4758,2.2843,1.9254,1.5230,1.2171,1.0707,1.0792,1.1893,1.3195,1.3950,1.3784,1.2817,1.1510,1.0273,0.9236,0.8333,nan,nan,nan,nan,nan,nan
nan,nan,nan,nan,nan,1.2149,1.3536,1.7719,2.6329,4.1143,6.1728,8.2116,9.3716,9.4090,8.6617,7.4010,5.6869,3.7106,2.0531,1.2352,1.2508,1.8150,2.6205,3.3598,3.7962,3.8761,3.6991,3.3729,2.9212,2.3551,1.8100,1.4746,1.4216,1.5954,1.8612,2.0607,2.0910,1.9442,1.6892,1.4223,1.2071,1.0524,0.9367,0.8366,0.7349,nan,nan,nan,nan,nan
nan,nan,nan,nan,1.7842,1.6400,1.6427,1.8737,2.4537,3.5305,5.1245,6.7933,7.7193,7.6091,6.8309,5.7142,4.3588,2.9124,1.7882,1.3906,1.7455,2.6004,3.6137,4.4401,4.8521,4.8201,4.4444,3.8282,3.0351,2.2101,1.6518,1.5830,1.9843,2.6364,3.1937,3.3719,3.1207,2.5941,2.0212,1.5714,1.2817,1.1030,0.9765,0.8637,0.7443,0.6119,nan,nan,nan,nan
nan,nan,nan,2.7712,2.5560,2.3488,2.2444,2.3345,2.7193,3.5014,4.6821,5.9018,6.4614,6.1079,5.2299,4.1752,3.0736,2.0692,1.4341,1.3981,1.9616,2.9133,3.9265,4.6761,4.9742,4.8170,4.3066,3.5513,2.6589,1.8517,1.4746,1.7587,2.6626,3.8220,4.6438,4.7279,4.1292,3.1977,2.3223,1.7195,1.3777,1.1856,1.0504,0.9217,0.7777,0.6181,nan,nan,nan,nan
nan,nan,3.4962,3.5996,3.5426,3.3876,3.2471,3.2484,3.5069,4.0957,4.9498,5.6964,5.7681,5.0701,4.0485,3.0449,2.1719,1.5148,1.2061,1.3532,1.9511,2.8401,3.7375,4.3550,4.5359,4.2884,3.7142,2.9340,2.0950,1.4384,1.2674,1.8012,3.0303,4.5169,5.4980,5.5135,4.7059,3.5470,2.5137,1.8435,1.4915,1.3045,1.1650,1.0144,0.8350,0.6411,0.4644,nan,nan,nan
nan,nan,3.9536,4.3551,4.6062,4.6886,4.6694,4.6851,4.8800,5.3163,5.8518,6.0726,5.5775,4.4949,3.3275,2.3855,1.7182,1.3104,1.1833,1.3789,1.8940,2.6165,3.3257,3.7837,3.8580,3.5597,2.9860,2.2652,1.5582,1.0769,1.0476,1.6608,2.9454,4.4800,5.4745,5.4750,4.6614,3.5244,2.5327,1.9124,1.6085,1.4520,1.3115,1.1277,0.9004,0.6711,0.4928,0.4154,nan,nan
nan,3.5547,4.2272,4.9067,5.5269,6.0017,6.3023,6.4949,6.6939,6.9272,7.0022,6.5806,5.5472,4.2110,3.0118,2.1772,1.6923,1.4608,1.4349,1.6178,1.9932,2.4761,2.9184,3.1613,3.1141,2.7898,2.2730,1.6805,1.1506,0.8339,0.8777,1.4306,2.5437,3.8852,4.7702,4.7902,4.1105,3.1706,2.3719,1.9019,1.7017,1.5974,1.4516,1.2217,0.9458,0.6991,0.5518,0.5597,0.7793,nan
2.7670,3.4519,4.2451,5.1361,6.0817,6.9704,7.6862,8.1698,8.4103,8.3451,7.8150,6.7525,5.3643,3.9998,2.9388,2.2984,2.0188,1.9599,2.0354,2.2173,2.4563,2.6627,2.7541,2.6881,2.4632,2.1131,1.6958,1.2828,0.9521,0.7803,0.8475,1.2543,2.0518,3.0313,3.7064,3.7495,3.2692,2.6070,2.0745,1.8112,1.7456,1.6968,1.5365,1.2632,0.9632,0.7392,0.6685,0.8046,1.1928,1.7528
2.4171,3.0844,3.9195,4.9249,6.0853,7.2853,8.3461,9.0859,9.3447,8.9725,7.9338,6.4729,4.9833,3.7529,2.9305,2.5610,2.5546,2.7353,2.9801,3.2249,3.3755,3.3183,3.0204,2.5664,2.0901,1.6863,1.3843,1.1762,1.0486,1.0007,1.0577,1.2748,1.6919,2.2173,2.5951,2.6205,2.3388,1.9690,1.7257,1.6905,1.7610,1.7534,1.5760,1.2812,0.9951,0.8361,0.8810,1.1707,1.7264,2.4031
1.9892,2.5267,3.2686,4.2338,5.4365,6.7718,8.0173,8.8986,9.1602,8.6321,7.3988,5.8680,4.4720,3.4426,2.8790,2.8117,3.1385,3.6381,4.1254,4.4814,4.5720,4.2831,3.6358,2.8160,2.0801,1.6087,1.4259,1.4350,1.5107,1.5676,1.5835,1.5870,1.6229,1.6961,1.7405,1.6818,1.5389,1.4293,1.4720,1.6631,1.8481,1.8618,1.6699,1.3713,1.1200,1.0461,1.2202,1.6612,2.3575,3.1107
1.6737,2.0101,2.5299,3.2704,4.2804,5.5048,6.7319,7.6453,7.9531,7.5016,6.4069,5.0641,3.8727,3.0552,2.7269,2.9444,3.6133,4.4611,5.2092,5.6634,5.6745,5.1774,4.2691,3.2044,2.3060,1.8223,1.7946,2.0485,2.3358,2.4800,2.4208,2.1921,1.8802,1.5730,1.3204,1.1400,1.0643,1.1600,1.4523,1.8272,2.0889,2.1159,1.9207,1.6249,1.4040,1.4053,1.6920,2.2538,3.0428,3.8237
1.5976,1.7387,2.0069,2.4359,3.0770,3.9380,4.9006,5.7065,6.0809,5.8723,5.1341,4.1348,3.2066,2.5929,2.4531,2.8795,3.8014,4.9251,5.8832,6.3999,6.3297,5.6812,4.6297,3.4730,2.5562,2.1651,2.3595,2.8932,3.3974,3.6138,3.4601,3.0007,2.3868,1.7776,1.2876,0.9880,0.9385,1.1798,1.6425,2.1228,2.4288,2.4851,2.3196,2.0462,1.8498,1.9005,2.2607,2.8902,3.7070,4.4582
1.7883,1.7697,1.8295,1.9926,2.2759,2.6980,3.2315,3.7557,4.0943,4.1125,3.7728,3.1757,2.5510,2.1495,2.1528,2.6468,3.5896,4.7610,5.7942,6.3482,6.2647,5.5984,4.5682,3.4830,2.6865,2.4837,2.9404,3.7422,4.4340,4.7164,4.4972,3.8606,3.0096,2.1631,1.4840,1.0824,1.0413,1.3694,1.9141,2.4337,2.7672,2.8691,2.7629,2.5386,2.3709,2.4457,2.8304,3.4638,4.2337,4.8895
2.2062,2.0564,1.9481,1.9193,1.9567,2.0547,2.2076,2.3910,2.5575,2.6503,2.6078,2.4084,2.1543,2.0324,2.1636,2.5659,3.2244,4.0778,4.9099,5.4032,5.3739,4.8608,4.0504,3.2056,2.6438,2.6739,3.3491,4.3151,5.1155,5.4653,5.2573,4.5522,3.5627,2.5540,1.7399,1.2687,1.2352,1.6085,2.1799,2.7045,3.0500,3.1848,3.1252,2.9423,2.7955,2.8717,3.2397,3.8208,4.4725,4.9702
2.7685,2.5189,2.2643,2.0793,1.9488,1.8495,1.7657,1.6992,1.6823,1.7621,1.9480,2.1876,2.4185,2.6268,2.8255,3.0237,3.2407,3.5078,3.8033,3.9992,3.9667,3.6845,3.2251,2.7398,2.4797,2.7191,3.4764,4.4292,5.2191,5.6137,5.4807,4.8194,3.8095,2.7413,1.8777,1.3988,1.3963,1.8042,2.3855,2.9005,3.2307,3.3494,3.2746,3.0807,2.9263,2.9890,3.3231,3.8233,4.3170,4.6333
3.3581,3.0661,2.6983,2.3684,2.0926,1.8534,1.6289,1.4248,1.3155,1.4529,1.9676,2.7729,3.5021,3.8940,4.0077,3.9628,3.7937,3.5000,3.1447,2.8568,2.6832,2.5636,2.4409,2.3372,2.3863,2.7481,3.4003,4.1446,4.7812,5.1415,5.0730,4.5101,3.5777,2.5650,1.7604,1.3498,1.4072,1.8500,2.4386,2.9328,3.2125,3.2573,3.1064,2.8622,2.6886,2.7394,3.0414,3.4609,3.8081,3.9789
3.8093,3.5607,3.1534,2.7043,2.2880,1.9226,1.5986,1.3332,1.2477,1.6100,2.6368,4.0406,5.0801,5.4423,5.3691,5.0885,4.6274,3.9220,3.0436,2.3091,1.9546,1.9253,2.0837,2.3460,2.6659,3.0051,3.3510,3.7097,4.0459,4.2517,4.1729,3.7027,2.9129,2.0596,1.4085,1.1131,1.2229,1.6670,2.2339,2.6877,2.9012,2.8656,2.6513,2.3829,2.2097,2.2508,2.5143,2.8574,3.0954,3.1786
3.9227,3.7941,3.4547,2.9558,2.4291,1.9574,1.5677,1.3071,1.3626,2.0952,3.6603,5.4787,6.6525,6.9433,6.6945,6.1924,5.4672,4.4361,3.2090,2.2254,1.8165,1.9373,2.4142,3.0519,3.5507,3.6783,3.5441,3.3877,3.3068,3.2461,3.0712,2.6686,2.0670,1.4496,1.0034,0.8236,0.9419,1.3197,1.8029,2.1877,2.3506,2.2880,2.0794,1.8400,1.6860,1.7060,1.9057,2.1615,2.3173,2.3549
3.6104,3.6090,3.4090,2.9573,2.3992,1.8851,1.4947,1.3184,1.5916,2.6475,4.4640,6.4080,7.6996,8.0613,7.7502,7.0630,6.0694,4.7481,3.3331,2.3487,2.1007,2.5122,3.3714,4.3411,4.8791,4.6709,4.0087,3.3201,2.7920,2.4164,2.1000,1.7522,1.3630,1.0078,0.7626,0.6649,0.7396,0.9867,1.3241,1.6081,1.7350,1.6943,1.5439,1.3672,1.2449,1.2406,1.3629,1.5237,1.6133,1.6278
3.0740,3.1381,3.0592,2.7150,2.2180,1.7528,1.4440,1.4115,1.8581,2.9527,4.5806,6.3428,7.6966,8.2481,8.0186,7.2418,6.0590,4.5889,3.2158,2.4617,2.5147,3.2367,4.3809,5.5317,6.0458,5.5859,4.5462,3.4679,2.5955,1.9626,1.5284,1.2411,1.0585,0.9446,0.8672,0.8106,0.7911,0.8447,0.9735,1.1153,1.1958,1.1876,1.1128,1.0179,0.9546,0.9659,1.0545,1.1565,1.2055,1.2090
2.6285,2.7092,2.7063,2.4836,2.1061,1.7542,1.5717,1.6659,2.1288,2.9711,4.1123,5.3941,6.4906,7.0064,6.8098,6.0707,4.9917,3.7702,2.7760,2.4038,2.7365,3.6203,4.8369,6.0184,6.5548,6.0624,4.9064,3.6741,2.6483,1.8925,1.4141,1.2086,1.2260,1.3502,1.4494,1.4334,1.2802,1.0588,0.8874,0.8197,0.8178,0.8279,0.8311,0.8429,0.8958,1.0116,1.1616,1.2726,1.3095,1.3059
2.3525,2.4485,2.5227,2.4531,2.2570,2.0710,2.0159,2.1450,2.4553,2.9154,3.5082,4.1763,4.7089,4.8284,4.4872,3.8830,3.1977,2.5427,2.1058,2.1188,2.6310,3.5357,4.6879,5.8145,6.3970,6.0298,4.9791,3.8024,2.7949,2.0411,1.5922,1.5039,1.7567,2.1914,2.5691,2.6682,2.3690,1.7710,1.1695,0.7949,0.6601,0.6728,0.7686,0.9391,1.1994,1.5249,1.8090,1.9522,1.9720,1.9517
2.1442,2.2703,2.4522,2.6060,2.7058,2.7787,2.8382,2.8774,2.9099,2.9726,3.0908,3.2227,3.2260,2.9840,2.5711,2.1438,1.7833,1.5237,1.4534,1.7050,2.3033,3.1729,4.2176,5.2323,5.8041,5.5881,4.7628,3.7799,2.9041,2.2338,1.8675,1.9396,2.4963,3.3605,4.1647,4.4870,4.0452,2.9734,1.8135,1.0381,0.7305,0.7495,0.9807,1.3965,1.9832,2.6191,3.0633,3.2008,3.1529,3.0854
1.9549,2.1244,2.4452,2.8933,3.4041,3.8181,3.9612,3.8147,3.5207,3.2219,2.9623,2.7004,2.3679,1.9711,1.5951,1.2959,1.0807,0.9616,1.0113,1.3404,1.9600,2.7800,3.6962,4.5296,4.9828,4.8511,4.2751,3.5576,2.8854,2.3560,2.1161,2.3923,3.3167,4.6916,5.9872,6.5460,5.9256,4.3331,2.5856,1.4070,0.9437,1.0005,1.4218,2.1728,3.2056,4.2609,4.9074,5.0007,4.8124,4.6472
1.8618,2.0900,2.5781,3.3525,4.2799,4.9820,5.1418,4.8056,4.2437,3.6618,3.1067,2.5487,2.0001,1.5377,1.1994,0.9635,0.8048,0.7327,0.8183,1.1698,1.7918,2.5522,3.2969,3.8610,4.0866,3.9425,3.5640,3.1114,2.6723,2.3231,2.2464,2.7575,4.0656,5.9038,7.5361,8.1286,7.2279,5.1988,3.0632,1.6663,1.1561,1.3035,1.9509,3.0793,4.6177,6.1717,7.0925,7.1517,6.7716,6.4577
2.0202,2.3230,2.9866,4.0362,5.2227,6.0213,6.1273,5.6794,4.9815,4.2283,3.4542,2.6501,1.9152,1.3856,1.0550,0.8485,0.7268,0.7052,0.8591,1.2827,1.9403,2.6241,3.1247,3.3316,3.2566,3.0171,2.7409,2.4832,2.2479,2.0803,2.1734,2.8960,4.4838,6.5200,8.0669,8.3314,7.1205,4.9969,2.9452,1.6721,1.2755,1.5697,2.4537,3.9407,5.9363,7.9319,9.1089,9.1491,8.5767,8.0992
2.5690,2.9394,3.7193,4.8730,6.0588,6.7594,6.7855,6.3198,5.6126,4.7988,3.8861,2.8818,1.9663,1.3501,1.0093,0.8293,0.7633,0.8404,1.1430,1.7308,2.4752,3.0522,3.2246,3.0111,2.6074,2.2226,1.9574,1.7987,1.7002,1.6782,1.9020,2.7092,4.2627,5.9919,6.9625,6.7306,5.4817,3.7957,2.3195,1.4588,1.2983,1.7816,2.9024,4.6937,7.0005,9.2109,10.4594,10.4457,9.7417,9.1535
3.4405,3.8216,4.5719,5.5967,6.5638,7.0698,7.0282,6.6055,5.9684,5.1812,4.2207,3.0992,2.0468,1.3498,1.0036,0.8723,0.9060,1.1465,1.6698,2.4743,3.3156,3.7477,3.5356,2.8840,2.1698,1.6386,1.3429,1.2267,1.2253,1.3384,1.6744,2.4130,3.5198,4.4646,4.7076,4.2216,3.3090,2.3246,1.5452,1.1510,1.2553,1.9422,3.2914,5.3080,7.7174,9.8362,10.9223,10.8288,10.1153,9.5284
4.1793,4.4902,5.0705,5.8243,6.4986,6.8087,6.7217,6.3675,5.8405,5.1494,4.2477,3.1431,2.0655,1.3422,1.0199,0.9705,1.1439,1.5781,2.3138,3.2820,4.1686,4.4452,3.8644,2.8244,1.8741,1.2532,0.9519,0.8910,1.0184,1.3322,1.8510,2.5111,3.0511,3.1652,2.8394,2.2922,1.7265,1.2585,0.9533,0.8858,1.1879,2.0371,3.5591,5.6698,7.9432,9.7156,10.5057,10.3608,9.7685,9.2980
4.2681,4.4650,4.8277,5.2971,5.7091,5.8748,5.7844,5.5262,5.1421,4.6072,3.8669,2.9241,1.9708,1.3168,1.0575,1.1010,1.4003,1.9688,2.7999,3.7896,4.6325,4.7847,3.9550,2.6716,1.6178,1.0013,0.7576,0.8088,1.1343,1.7265,2.4812,3.1086,3.2474,2.8079,2.0857,1.4326,0.9958,0.7629,0.6928,0.7978,1.1919,2.0840,3.6133,5.5933,7.5024,8.8071,9.2931,9.1327,8.7199,8.4230
3.6992,3.7759,3.9255,4.1330,4.3276,4.4165,4.3865,4.2677,4.0590,3.7205,3.2037,2.5148,1.7993,1.2990,1.1213,1.2229,1.5681,2.1452,2.9141,3.7671,4.4529,4.5039,3.6260,2.3386,1.3472,0.8293,0.7024,0.9113,1.4603,2.3043,3.2150,3.7916,3.7100,3.0071,2.0652,1.2898,0.8526,0.7148,0.7822,1.0098,1.4475,2.2449,3.5088,5.0420,6.3967,7.2230,7.4565,7.2869,7.0178,6.8673
2.8330,2.8066,2.7826,2.7852,2.8202,2.8749,2.9277,2.9546,2.9213,2.7829,2.5035,2.0965,1.6599,1.3410,1.2262,1.3220,1.6161,2.0820,2.6635,3.2640,3.6987,3.6472,2.9073,1.8638,1.0857,0.7326,0.7477,1.1017,1.7928,2.7287,3.6360,4.1351,3.9728,3.2228,2.2434,1.4330,1.0088,0.9667,1.1967,1.6020,2.1377,2.7995,3.5778,4.3814,5.0352,5.3849,5.3991,5.2014,4.9984,4.9165
1.9825,1.8956,1.7843,1.6939,1.6542,1.6833,1.7714,1.8852,1.9815,2.0175,1.9683,1.8444,1.6814,1.5210,1.4186,1.4341,1.5905,1.8600,2.1868,2.4988,2.6822,2.5679,2.0690,1.4064,0.9269,0.7615,0.8950,1.3112,1.9862,2.8170,3.5810,3.9858,3.8306,3.1705,2.3005,1.5803,1.2600,1.3877,1.8570,2.5254,3.2520,3.8546,4.1586,4.1861,4.0941,3.9399,3.7083,3.4379,3.2285,3.1434
1.3058,1.2151,1.1092,1.0252,0.9800,0.9905,1.0653,1.1970,1.3656,1.5486,1.7306,1.8944,1.9854,1.9362,1.7734,1.6169,1.5510,1.5733,1.6445,1.7221,1.7511,1.6637,1.4351,1.1583,0.9849,0.9936,1.1924,1.5698,2.0929,2.6864,3.2123,3.4793,3.3365,2.8111,2.1268,1.5913,1.4641,1.8296,2.5780,3.5223,4.4574,5.1040,5.1706,4.6819,3.9890,3.3482,2.8165,2.3970,2.1084,1.9673
0.8529,0.7999,0.7443,0.7005,0.6748,0.6828,0.7443,0.8769,1.0971,1.4206,1.8443,2.2959,2.6079,2.6137,2.3137,1.8928,1.5374,1.3076,1.1821,1.1277,1.1159,1.1241,1.1456,1.1972,1.3029,1.4726,1.7037,1.9851,2.2953,2.5985,2.8308,2.8931,2.6996,2.2719,1.7723,1.4497,1.5437,2.1422,3.1144,4.2349,5.2911,6.0319,6.1549,5.5803,4.6210,3.6375,2.7959,2.1426,1.6836,1.4289
0.6014,0.5924,0.5804,0.5666,0.5596,0.5788,0.6503,0.8063,1.0901,1.5529,2.2053,2.9150,3.3979,3.4028,2.9168,2.1968,1.5546,1.1233,0.8824,0.7829,0.7985,0.9233,1.1557,1.4770,1.8391,2.1797,2.4503,2.6300,2.7218,2.7332,2.6556,2.4632,2.1425,1.7381,1.3714,1.2262,1.4937,2.2370,3.3010,4.4464,5.5011,6.3160,6.6673,6.3768,5.5600,4.5171,3.4731,2.5543,1.8301,1.3779
0.4856,0.5027,0.5105,0.5104,0.5179,0.5565,0.6561,0.8540,1.2030,1.7727,2.5919,3.4994,4.1038,4.0643,3.3852,2.4196,1.5787,1.0311,0.7421,0.6463,0.7170,0.9564,1.3647,1.9090,2.5066,3.0342,3.3740,3.4760,3.3710,3.1148,2.7437,2.2857,1.7920,1.3457,1.0478,1.0163,1.3725,2.1364,3.1440,4.1780,5.1290,5.9537,6.5360,6.6729,6.2838,5.5013,4.5052,3.4411,2.4371,1.7003
0.4359,0.4592,0.4701,0.4762,0.4988,0.5643,0.7019,0.9457,1.3449,1.9711,2.8725,3.8972,4.5712,4.4543,3.6075,2.5031,1.5854,1.0037,0.7106,0.6416,0.7767,1.1210,1.6692,2.3811,3.1681,3.8764,4.3172,4.3861,4.1273,3.6451,3.0201,2.3220,1.6511,1.1305,0.8571,0.8945,1.2850,1.9878,2.8363,3.6644,4.4337,5.1841,5.8901,6.3710,6.4313,6.0604,5.3611,4.4275,3.3384,2.3439
0.4050,0.4227,0.4314,0.4459,0.4912,0.5930,0.7761,1.0672,1.5076,2.1622,3.0815,4.1255,4.7782,4.5407,3.5733,2.4454,1.5558,0.9993,0.7281,0.6949,0.8893,1.3115,1.9412,2.7339,3.6218,4.4659,5.0318,5.1364,4.7980,4.1554,3.3372,2.4531,1.6382,1.0491,0.7982,0.9165,1.3674,2.0267,2.7092,3.3024,3.8366,4.4161,5.0861,5.7080,6.0417,5.9944,5.6284,5.0087,4.1398,3.1399
0.3681,0.3786,0.3905,0.4240,0.5047,0.6543,0.8909,1.2353,1.7227,2.4039,3.3024,4.2516,4.7324,4.3135,3.2921,2.2452,1.4604,0.9719,0.7409,0.7427,0.9735,1.4210,2.0497,2.8210,3.7062,4.6142,5.3042,5.5131,5.1899,4.4755,3.5433,2.5452,1.6456,1.0341,0.8556,1.1271,1.7288,2.4349,3.0248,3.4220,3.7076,4.0334,4.5056,5.0546,5.4519,5.5526,5.3861,5.0216,4.4632,nan
nan,0.3310,0.3603,0.4288,0.5592,0.7662,1.0625,1.4657,2.0034,2.7004,3.5211,4.2375,4.3896,3.7680,2.7836,1.9016,1.2767,0.8955,0.7270,0.7636,1.0025,1.4197,1.9764,2.6554,3.4707,4.3771,5.1474,5.4719,5.2272,4.5235,3.5552,2.5114,1.5931,1.0330,1.0067,1.5079,2.3318,3.1617,3.7423,4.0110,4.0761,4.1199,4.3007,4.6344,4.9505,5.0697,4.9703,4.7185,nan,nan
nan,nan,0.3641,0.4837,0.6731,0.9400,1.2926,1.7443,2.3065,2.9598,3.5953,3.9525,3.7361,2.9996,2.1489,1.4766,1.0396,0.8030,0.7362,0.8296,1.0706,1.4275,1.8712,2.4157,3.1146,3.9529,4.7236,5.1152,4.9613,4.3215,3.3750,2.3358,1.4583,1.0232,1.1983,1.9328,2.9764,3.9661,4.6079,4.8209,4.7183,4.5067,4.3887,4.4599,4.6300,4.7108,4.6146,4.3811,nan,nan
nan,nan,nan,0.6055,0.8523,1.1672,1.5542,2.0160,2.5359,3.0437,3.3869,3.3659,2.9051,2.2005,1.5437,1.0837,0.8379,0.7833,0.8914,1.1185,1.4050,1.6969,1.9796,2.3078,2.7826,3.4337,4.1034,4.5090,4.4486,3.9111,3.0327,2.0453,1.2699,1.0091,1.3706,2.2704,3.4805,4.6423,5.4122,5.6484,5.4426,5.0237,4.6394,4.4528,4.4567,4.4857,4.3867,nan,nan,nan
nan,nan,nan,nan,1.0811,1.4138,1.7922,2.2024,2.5964,2.8745,2.9072,2.6221,2.0967,1.5243,1.0688,0.8001,0.7407,0.9104,1.3037,1.8128,2.2476,2.4732,2.4924,2.4435,2.5213,2.8328,3.2972,3.6730,3.7125,3.3129,2.5523,1.6810,1.0723,0.9993,1.4986,2.4904,3.8077,5.1339,6.0860,6.4281,6.1914,5.6147,4.9956,4.5604,4.3798,4.3420,nan,nan,nan,nan
nan,nan,nan,nan,nan,nan,1.9471,2.2458,2.4583,2.4956,2.3001,1.9076,1.4397,1.0256,0.7449,0.6401,0.7609,1.1851,1.9469,2.8625,3.5312,3.6564,3.2810,2.7225,2.3217,2.2420,2.4438,2.7313,2.8388,2.5839,1.9875,1.3018,0.8961,0.9839,1.5737,2.6174,4.0066,5.4795,6.6458,7.1751,6.9935,6.3135,5.4814,4.7929,4.3926,nan,nan,nan,nan,nan
nan,nan,nan,nan,nan,nan,nan,2.1407,2.1683,2.0210,1.7123,1.3257,0.9616,0.6900,0.5512,0.5879,0.8808,1.5518,2.6505,3.9115,4.7413,4.6915,3.8906,2.8871,2.1379,1.7889,1.7815,1.9502,2.0568,1.9006,1.4705,0.9843,0.7485,0.9356,1.5737,2.6539,4.1079,5.7185,7.1144,7.9048,7.8873,7.1865,6.1706,5.2160,nan,nan,nan,nan,nan,nan
nan,nan,nan,nan,nan,nan,nan,nan,1.7952,1.5402,1.2093,0.8854,0.6308,0.4798,0.4608,0.6264,1.0770,1.9397,3.2287,4.6095,5.4103,5.1408,4.0401,2.8153,1.9422,1.5066,1.4150,1.5113,1.5878,1.4679,1.1423,0.7835,0.6293,0.8387,1.4775,2.5761,4.0960,5.8484,7.4844,8.5958,8.8753,8.2955,nan,nan,nan,nan,nan,nan,nan,nan
nan,nan,nan,nan,nan,nan,nan,nan,nan,1.1161,0.8232,0.5821,0.4237,0.3672,0.4424,0.7102,1.2721,2.2311,3.5551,4.8874,5.5704,5.1434,3.9205,2.6571,1.7937,1.3704,1.2759,1.3555,1.4150,1.2994,1.0107,0.6968,0.5558,0.7408,1.3451,2.4327,3.9955,5.8670,7.7156,9.1474,9.8220,nan,nan,nan,nan,nan,nan,nan,nan,nan
